{"cameraMode":{"drawMode":0,"name":"Shaded","section":"Shading Mode"},"sceneLighting":true,"audioPlay":false,"sceneViewState":{"m_AlwaysRefresh":false,"showFog":true,"showSkybox":true,"showFlares":true,"showImageEffects":true,"showParticleSystems":true,"showVisualEffectGraphs":true,"m_FxEnabled":true},"in2DMode":false,"pivot":{"x":989.8485717773438,"y":682.3021850585938,"z":-68.57950592041016},"rotation":{"x":-0.008688733913004399,"y":-0.015595585107803345,"z":-0.00013212919293437153,"w":0.9998520612716675},"size":735.2032470703125,"orthographic":false}