{"cameraMode":{"drawMode":0,"name":"Shaded","section":"Shading Mode"},"sceneLighting":false,"audioPlay":false,"sceneViewState":{"m_AlwaysRefresh":false,"showFog":true,"showSkybox":false,"showFlares":true,"showImageEffects":true,"showParticleSystems":true,"showVisualEffectGraphs":true,"m_FxEnabled":true},"in2DMode":false,"pivot":{"x":-0.08190514892339707,"y":-0.2436181902885437,"z":-0.03613471984863281},"rotation":{"x":-0.07217037677764893,"y":-0.0015752736944705248,"z":0.00012082074681529775,"w":-0.9973950386047363},"size":0.37132376432418826,"orthographic":false}